{"cameraMode":{"drawMode":0,"name":"Shaded","section":"Shading Mode"},"sceneLighting":true,"audioPlay":false,"sceneViewState":{"showFog":true,"showMaterialUpdate":false,"showSkybox":true,"showFlares":true,"showImageEffects":true,"showParticleSystems":true},"in2DMode":false,"pivot":{"x":1.8381547927856446,"y":-0.9971480369567871,"z":6.74802303314209},"rotation":{"x":0.31084421277046206,"y":0.2224595844745636,"z":-0.07508128881454468,"w":0.921007513999939},"size":22.878955841064454,"orthographic":false}